INSERT INTO `USER` VALUES
('sy02lee','이승윤','2022-05-30','윤승','password','01072030939','서울 광진구 아차산로 549 (광장동, 광장현대파크빌)',5000,62),
('tmddbs','윤승이','2022-06-01','tmddbs','password','01012345678','서울 광진구 아차산로 549 (광장동, 광장현대파크빌)',5000,62),
('mouse0429', '김민지', '2022-06-01', '민감자', 'password1234', '01064012565', '경기 고양시 일산동구 숲속마을1로 116 (풍동, 숲속마을7단지아파트)', 10000, 50),
('mouse0818', '김민쟈', '2022-06-02', '감자인척', 'password1234', '01064010001', '경기 고양시 일산서구 호수로 896 (대화동, 장성마을4단지아파트)', 0, 50),
('dlekdud0102', '이다영', '2022-06-02', '영계백숙', 'password1234', '01064010002', '경기도 고양시 일산서구 호수로 896', 0, 50),
('jaejae', '이지예', '2022-06-03', '졔졔', 'passwd1234', '01002181234', '서울 노원구 광운로 20 (월계동, 광운대학교)', 0, 50),
('hammki_', '지예', '2022-06-09', '햄키', 'passwd1234', '01012340116', '제주특별자치도 제주시 청귤로 4 (이도이동)', 0, 50),
('jiwonK', '강지원', '2022-06-10', '둘라', 'passwd1234', '01012120116', '서울 중랑구 겸재로 70 (면목동, 브라운캐슬)', 0, 50),
('kangjoji', '강민지', '2022-06-11', 'mj', 'passwd1234', '01012340117', '경기 안산시 단원구 강거래길 10 (대부남동)', 0, 50),
('daviichoi', '최규완', '2022-06-12', 'DAVII', 'password1234', '01011089229', '서울 성동구 서울숲길 17 (성수동1가, 성수파크빌)', 0, 50),
('seungkwan', '부승관', '2022-06-12', '부끄', 'password1234', '01098240116', '부산 강서구 가덕해안로 3 (성북동)', 0, 50),
('joshu_acoustic', '홍지수', '2022-06-13', '홍', 'passwd1234', '01012305670', '서울 용산구 한강대로 42 (한강로3가)', 0, 50),
('mettamong_', '이찬', '2022-06-13', '메따몽', 'passwd1234', '01012021135', '서울 중랑구 봉우재로58길 39', 0, 50),
('entp_sol', '서솔', '2022-06-13', '솔라시도', 'passwd1234', '01012305679', '서울 강동구 구천면로 284 (천호동, 솔빌딩)', 0, 50),
('suhyun', '이수현', '2022-06-14', '모찌피치', 'passwd1234', '01005049923', '서울 마포구 희우정로1길 3 (합정동, 더블랙레이블)', 0, 50),
('project_sh', '이신혁', '2022-06-15', '티키틱', 'passwd1234', '01094280209', '서울 마포구 양화로 45 (서교동, 메세나폴리스)', 0, 50),
('chwenotchew', '최한솔', '2022-06-15', '낫츄', 'passwd1234', '01098240218', '서울 용산구 한강대로 42 (한강로3가)', 0, 50);

INSERT INTO `MANAGER` VALUES
('admin1','password','관리자1'),
('admin2','password','관리자2'),
('admin3','password','관리자3');

INSERT INTO `QNA` VALUES 
(1,'sy02lee','2022-05-30','계정,인증','계정 여러개','번호 한개에 계정 여러개는 못만드나요??',null,null,null,0,0);

INSERT INTO `NOTICE` (`manager_id`,`notice_date`,`notice_title`,`notice_content`,`notice_img`) VALUES
('admin2','2022-06-01','리치마켓 운영 정책','안녕하세요 리치마켓 입니다.

<운영정책>
금지 품목 거래 시, 제재 받을 수 있어요.
적절하지 않은 상품명, 이미지, 가격 등록 시에 제재 받을 수 있어요.
외부 채널로의 연략 유도, 타 사이트로의 결제 유도 시 제재 받을 수 있어요.
욕설, 성희롱 등 비매너 행위는 타인을 불쾌하게 해요.

위의 약속을 위배하는 경우 신뢰도 하락 또는 영구 정지될 수 있습니다.','/images/notice/2022-05-01-notice.png'),
('admin1','2022-06-10','외부 채널 유도 관련 운영정책 강화 안내','안녕하세요. 리치마켓입니다.

리치마켓 앱을 벗어나 거래를 하며 발생되는 분쟁과 사기 피해가 지속됨에 따라
외부 채널 유도에 대한 운영 정책이 아래와 같이 강화되오니 고객님들의 적극적인 협조 부탁 드립니다.

<운영정책 강화 항목>
- 외부 채널로의 문의/상담으로 연결되는 링크(URL) 기재 및 연락 유도 불가
- 타 사이트로의 결제 유도 및 결제 페이지 공유 불가
 (예시 : 카카오톡/라인 등의 메신저 ID기재, 휴대폰 번호 등의 연락처 기재, 카카오톡 플러스 친구, 오픈카톡 링크 기재 또는 대화 유도 등)
- 적용 일시 : 22년 6월 1일 부터 ~

안전한 거래를 위해 쪽지와 포인트 안전결제를 활용해주시기 바라며
위의 운영정책을 위반하는 경우 내부 제재 정책에 따라 상품삭제 및 이용제한 등의 조치가 진행되오니 이용에 참고 부탁 드립니다.


안전한 거래 환경이 유지될 수 있도록 고객님의 적극적인 협조 부탁드립니다. 
감사합니다. ',null),
('admin3','2022-06-14','서버 점검 안내 (6/15 AM 6:00~AM 10:00)','안녕하세요 리치마켓입니다.
보다 안정적인 서비스를 제공하기 위해 내부 서버 점검이 진행되어 공지드립니다.  

점검 시간- 6/15(목) AM 6:00~AM 10:00
증상 : 간헐적인 접속 장애
서비스 이용에 불편을 드려 죄송합니다. 

더욱 더 안정적인 서비스 제공으로 보답하겠습니다.  

감사합니다. .',null);


INSERT INTO `PRODUCT` (`seller_id`,`buyer_id`,`product_title`,`product_category`,`product_price`,`product_like`,`product_date`,`product_img`,`product_img_num`,`product_detail`,`deal_method`,`deal_type`,`deal_flag`) VALUES
(NULL,'sy02lee','갤럭시워치 사요','디지털,가전',50000,0,'2022-06-02','/images/products/prod01.png',1,'갤럭시 워치를 사고 싶어요','직거래',0,0),
(NULL,'sy02lee','감자 사요','기타',1000,0,'2022-05-05','/images/products/prod02.png',1,'우에엥','직거래',0,0),
(NULL,'mouse0429','인형 사요','뷰티,미용',1000,0,'2022-05-05','/images/products/prod03.png',1,'굿','직거래',0,0),
(NULL,'mouse0429','아이폰 사요','디지털,가전',800000,1,'2022-06-03','/images/products/prod05.png',1,'핸드폰이 갤럭시에유!','택배거래',0,0),
(NULL,'mouse0429','리치 사요','생활,가공식품', 1000, 1, '2022-05-04','/images/products/prod06.png',1,'싱싱해요', '직거래', 0, 0),
(NULL,'mouse0429','당근 사요','패션 액세서리', 1000, 0, '2022-05-04','/images/products/prod08.png',1,'싱싱해요', '직거래', 0,0),
(NULL,'mouse0818','가지 사요','키덜트', 1000, 0, '2022-05-04','/images/products/prod09.png',1,'싱싱해요','직거래',0,0),
('tmddbs',NULL,'갤럭시워치 팝니다','디지털,가전',200000,0,'2022-06-03','/images/products/prod02.png',1,'핸드폰이 아이폰이에유...','택배거래',1,0),
('jaejae',NULL,'애플워치 팝니다','디지털,가전',400000,0,'2022-06-03','/images/products/prod03.png',1,'핸드폰이 갤럭시에유...','택배거래',1,0),
('dlekdud0102',NULL,'애플워치 팝니다','디지털,가전',100000,0,'2022-06-04','/images/products/prod04.png',1,'핸드폰이 갤럭시에유..!','택배거래',1,0),
('mouse0429',NULL,'고구마 팝니다','생활,가공식품', 1000, 0, '2022-05-04','/images/products/prod07.png',1,'새 것 같은 이거 팝니다.', '직거래', 1,0),
('mouse0818',NULL,'오이 팔아요','시계,쥬얼리', 1000, 0, '2022-05-04','/images/products/prod01.png',1,'싱싱해요','직거래', 1,0);

INSERT INTO `MSGBOX` VALUES
(0, 'mouse0429', 'mouse0818', 1, 0),
(0, 'mouse0429', 'mouse0818', 2, 0),
(0, 'mouse0429', 'dlekdud0102', 3, 0),
(0, 'mouse0818', 'dlekdud0102', 4, 0),
(0, 'mouse0818', 'mouse0429', 5, 0),
(0, 'sy02lee', 'tmddbs', 6, 0),
(0, 'dlekdud0102', 'mouse0429', 10, 0);

INSERT INTO `MSG` VALUES
(0, 1, 'mouse0818', '감자 유기농인가요?', '2022-05-29 12:00:00'),
(0, 2, 'mouse0818', '고구마 호박 고구마 인가요 아니면 호구마인가요? 호구마? 호박고구마!', '2022-05-29 12:10:00'),
(0, 2, 'mouse0429', '고구마 호박 고구마 입니다 호구마 아니고 호박고구마!', '2022-05-29 12:20:00'),
(0, 3, 'dlekdud0102', '당근은 당근 싸게 팔죠?', '2022-05-29 12:50:00'),
(0, 4, 'dlekdud0102', '정말 가지가지 하시는데 가지 팔아주세요', '2022-05-29 12:40:00'),
(0, 5, 'mouse0429', '오이오이 오이쿤.. 오이를 팔아주지 않겠어?', '2022-05-29 12:30:00'),
(0, 6, 'sy02lee','ask맨아!','2022-06-02 13:00:00'),
(0, 7, 'mouse0429', '사진 보내주세요', '2022-06-13 05:29:00');

INSERT INTO `REPORT` (`reporter_id`,`reported_id`,`report_date`,`report_title`,`report_type`,`report_detail`,`msgbox_id`,`product_id`,`solve_id`,`solve_date`,`solve_content`) VALUES
('sy02lee','tmddbs','2022-06-03','얘가 욕했어요','쪽지 신고','얘가 이렇게 욕해쓰뮤ㅠ',1,null,null,null,null),
('sy02lee','tmddbs','2022-06-03','허위 매물이에요','게시글 신고','이 상품 구라야',null,1,'admin1','2022-06-03','해결해줌');

INSERT INTO `PRODUCT_LIKE` VALUES
(0, 'mouse0429', 4),
(0, 'mouse0429', 5);

INSERT INTO `POINT` VALUES
(0, '2022-06-04 21:00:00', 15000, 'mouse0429', 'mouse0429', null),
(0, '2022-06-04 21:10:00', 10000, 'mouse0429', 'dlekdud0102', 2),
(0, '2022-06-04 21:20:00', 15000, 'mouse0818', 'mouse0429', 5);