INSERT INTO `USER` VALUES
('sy02lee','이승윤','2022-05-30','윤승','password','01072030939','서울 광진구 아차산로 549 (광장동, 광장현대파크빌)',0,50),
('tmddbs','윤승이','2022-06-01','tmddbs','password','01012345678','서울 광진구 아차산로 549 (광장동, 광장현대파크빌)',0,50),
('mouse0429', '김민지', '2022-06-01', '민감자', 'password1234', '01064012565', '경기 고양시 일산동구 숲속마을1로 116 (풍동, 숲속마을7단지아파트)', 150000, 50),
('mouse0818', '김민쟈', '2022-06-02', '감자인척', 'password1234', '01064010001', '경기 고양시 일산서구 호수로 896 (대화동, 장성마을4단지아파트)', 0, 50),
('jaejae', '이지예', '2022-06-03', '졔졔', 'passwd1234', '01002181234', '서울 노원구 광운로 20 (월계동, 광운대학교)', 0, 50),
('hammki_', '지예', '2022-06-11', '햄키', 'passwd1234', '01012340116', '제주특별자치도 제주시 청귤로 4 (이도이동)', 0, 50),
('dlekdud0102', '이다영', '2022-06-10', '영계백숙', 'password1234', '01064010002', '경기도 고양시 일산서구 호수로 896', 0, 50),
('jiwonK', '강지원', '2022-06-10', '둘라', 'passwd1234', '01012120116', '서울 중랑구 겸재로 70 (면목동, 브라운캐슬)', 0, 50),
('kangjoji', '강민지', '2022-06-11', 'mj', 'passwd1234', '01012340117', '경기 안산시 단원구 강거래길 10 (대부남동)', 0, 50),
('daviichoi', '최규완', '2022-06-12', 'DAVII', 'password1234', '01011089229', '서울 성동구 서울숲길 17 (성수동1가, 성수파크빌)', 0, 50),
('seungkwan', '부승관', '2022-06-12', '부끄', 'password1234', '01098240116', '부산 강서구 가덕해안로 3 (성북동)', 0, 50),
('joshu_acoustic', '홍지수', '2022-06-13', '홍', 'passwd1234', '01012305670', '서울 용산구 한강대로 42 (한강로3가)', 0, 50),
('mettamong_', '이찬', '2022-06-13', '메따몽', 'passwd1234', '01012021135', '서울 중랑구 봉우재로58길 39', 0, 50),
('entp_sol', '서솔', '2022-06-13', '솔라시도', 'passwd1234', '01012305679', '서울 강동구 구천면로 284 (천호동, 솔빌딩)', 0, -1),
('suhyun', '이수현', '2022-06-14', '모찌피치', 'passwd1234', '01005049923', '서울 마포구 희우정로1길 3 (합정동, 더블랙레이블)', 0, 50),
('project_sh', '이신혁', '2022-06-15', '티키틱', 'passwd1234', '01094280209', '서울 마포구 양화로 45 (서교동, 메세나폴리스)', 0, 50),
('chwenotchew', '최한솔', '2022-06-15', '낫츄', 'passwd1234', '01098240218', '서울 용산구 한강대로 42 (한강로3가)', 0, 50);

INSERT INTO `MANAGER` VALUES
('admin1','password','관리자1'),
('admin2','password','관리자2'),
('admin3','password','관리자3');

INSERT INTO `QNA` VALUES 
(0,'sy02lee','2022-05-30','계정,인증','계정 여러개','전화번호 한개로 계정 여러개는 못만드나요??','admin1','2022-06-01','네 불가능합니다.',3,0),
(0,'jaejae','2022-06-10','구매,판매','판매글 문의','어제 올라온 글중에 감자파는글 너무 광고같은데 괜찮은거 맞나요??\n광고글도 게시 가능한건가요?','admin2','2022-06-11','네 광고 가능합니다. 확인 결과 정상적인 판매인입니다.',1,1),
(0,'jaejae','2022-06-11','구매,판매','음식 판매','먹을것도 팔아도 되나요??','admin1','2022-06-11','네 가능합니다. 그러나 주류는 불가능합니다.',6,0),
(0,'mouse0429','2022-06-12','오류,제안','신고게시글 디자인','신고 게시글 확인할때 내용쪽 누르면 바탕 까매지는데 이거 없애주시면 안되나요??','admin1','2022-06-11','네 처리완료되었습니다. 소중한 의견 감사합니다.',4,0),
(0,'chwenotchew','2022-06-12','계정,인증','내정보 주소','이거 집주소 쓰는건가요?\n개인정보라 좀 찜찜한데ㅜ','admin3','2022-06-12','아닙니다, 안내되어있는대로 직거래 시 거래 가능한 장소를 적어주시면 됩니다!',6,0);

INSERT INTO `NOTICE` (`manager_id`,`notice_date`,`notice_title`,`notice_content`,`notice_img`) VALUES
('admin2','2022-06-01','리치마켓 운영 정책','안녕하세요 리치마켓 입니다.\n
<운영정책>\n금지 품목 거래 시, 제재 받을 수 있어요.\n적절하지 않은 상품명, 이미지, 가격 등록 시에 제재 받을 수 있어요.
외부 채널로의 연략 유도, 타 사이트로의 결제 유도 시 제재 받을 수 있어요.\n욕설, 성희롱 등 비매너 행위는 타인을 불쾌하게 해요.
\n\n위의 약속을 위배하는 경우 신뢰도 하락 또는 영구 정지될 수 있습니다.','/images/notice/2022-05-01-notice.png'),
('admin1','2022-06-10','외부 채널 유도 관련 운영정책 강화 안내','안녕하세요. 리치마켓입니다.\n
리치마켓 앱을 벗어나 거래를 하며 발생되는 분쟁과 사기 피해가 지속됨에 따라\n외부 채널 유도에 대한 운영 정책이 아래와 같이 강화되오니 고객님들의 적극적인 협조 부탁 드립니다.\n
<운영정책 강화 항목>\n- 외부 채널로의 문의/상담으로 연결되는 링크(URL) 기재 및 연락 유도 불가\n- 타 사이트로의 결제 유도 및 결제 페이지 공유 불가
 (예시 : 카카오톡/라인 등의 메신저 ID기재, 휴대폰 번호 등의 연락처 기재, 카카오톡 플러스 친구, 오픈카톡 링크 기재 또는 대화 유도 등)\n- 적용 일시 : 22년 6월 1일 부터 ~
\n안전한 거래를 위해 쪽지와 포인트 안전결제를 활용해주시기 바라며\n위의 운영정책을 위반하는 경우 내부 제재 정책에 따라 상품삭제 및 이용제한 등의 조치가 진행되오니 이용에 참고 부탁 드립니다.
\n\n\n안전한 거래 환경이 유지될 수 있도록 고객님의 적극적인 협조 부탁드립니다. \n감사합니다. ',null),
('admin3','2022-06-14','서버 점검 안내 (6/15 AM 6:00~AM 10:00)','안녕하세요 리치마켓입니다.\n
보다 안정적인 서비스를 제공하기 위해 내부 서버 점검이 진행되어 공지드립니다.  \n\n점검 시간- 6/15(목) AM 6:00~AM 10:00
증상 : 간헐적인 접속 장애\n서비스 이용에 불편을 드려 죄송합니다. \n\n더욱 더 안정적인 서비스 제공으로 보답하겠습니다.  \n\n감사합니다. .',null);

INSERT INTO `PRODUCT` (`seller_id`,`buyer_id`,`product_title`,`product_category`,`product_price`,`product_like`,`product_date`,
`product_img`,`product_img_num`,`product_detail`,`deal_method`,`deal_type`,`deal_flag`) VALUES
(NULL,'sy02lee','갤럭시워치 구해요','디지털,가전',150000,1,'2022-06-02 12:32:11','/images/products/galaxywatch.png',1,'갤럭시 워치 4 사고 싶어요 A급 15만원 가능???','직거래',0,0),
('jiwonK',NULL,'감자 팔아요','기타',1000,4,'2022-06-09 15:34:28','/images/products/potato.png',1,
'6월에 수확한 햇 수미감자 특대사이즈️ !!\n포슬포슬한 식감과 고소한 맛의 감자의 원조 ~\n고소함 끝에 찾아오는 단맛이 일품~ 수미감자!!\n
➖️➖️한박스 10kg 26000원\n➖️➖️반박스 5kg 15000원 #무료배송\n\n# 주문전 필독사항\n모든 상품은 직접 배달해 드립니다.\n택배나 직접 수령을 원하시는 분은 따로 연락 부탁드립니다.
아무리 신선한 상품이라도 생물이다 보니\n아주 간혹 상품에 이상이 있을 수 있습니다.\n배송 받은 당일 안으로 사진 전송해 주시면\n확인 후 처리해드립니다.','택배거래',1,0), 
(NULL,'mouse0429','인형 구해요','키덜트',10000,0,'2022-06-09 03:11:11','/images/products/prod03.png',1,'포켓몬 인형 사고시퍼요 인형 조 아 ~\n암거나 제시해서 쪽지주세요~','직거래',0,0),
(NULL,'mouse0429','꼬부기 띠부씰 구해요','키덜트',5000,0,'2022-06-09 12:38:11','/images/products/prod05.png',1,'꼬부기 띠부씰 사요 교환도 가능!! 상태 좋은것만 연락주세요','직거래, 택배거래',0,0),
('tmddbs',NULL,'갤럭시워치 팝니다','디지털,가전',200000,0,'2022-06-10 02:32:11','/images/products/galaxywatch.png',1,'상태 조아요 네고안됨 \n바로 거래 가능한분만 연락주세요~','택배거래',1,0),
('jaejae',NULL,'강아지 키링 팝니다','패션 액세서리',10000,0,'2022-06-10 16:14:11','/images/products/puppy_keyring.jpg',1,'진짜 짱귀여운 강아지 키링... \n친구랑 샀는데 안쓴대서 팔아요..!\n누르면 삒삑 소리도 남 ㅎㅎ','직거래, 택배거래',1,0),
('jaejae',NULL,'무드등 팝니다','가구,인테리어',15000,0,'2022-06-10 17:32:17','/images/products/miffy_light.jpg',1,'미피 무드등 팔아요\n말랑말랑하진 않고 딱딱한데 엄청커요 ...\n충전식이라 사용하기도 좋아요\n사이즈 커서 엄청밝음 ㅎㅎ\n택배박스 넣기엔 너무커서 택배말고 직거래만 합니다','직거래',1,0),
('dlekdud0102',NULL,'에어팟 케이스 팝니다','패션 액세서리', 10000, 0, '2022-06-11 15:23:29','/images/products/airpod_case_lion.jpg',1,'라이언 에어팟 케이스 !!! 산것보다 훨씬 싸게 올려용', '직거래', 1,0),
('jaejae',NULL,'포켓몬 띠부씰 교환 구해요','키덜트', 1234, 0, '2022-06-11 15:27:29','/images/products/pokemon_exchange.jpg',1,'제가 가진 띠부씰 \n003 이상해꽃\n008 어니부기\n009 거북왕\n010 캐터피\n019 꼬렛 \n025 피카츄\n067 근육몬\n074꼬마돌 이구요..
\n\n구하는 띠부씰 \n025 피카츄윙크 \n094 팬텀\n097 슬리퍼 \n143 잠만보입니다! \n편하게 문의 주시고 시세 맞게 교환 원해요~ 판매도 합니다!!','직거래, 택배거래', 1,0),
('entp_sol',NULL,'웃는남자 티켓 팔아요','도서,티켓,문구', 150000, 0, '2022-06-11 15:39:29',null,0,'7/12 회차입니다. VIP입니다~ 아이디 옮기기 가능해요','직거래, 택배거래', 1,0),
('hammki_',NULL,'해커스 토익 중급 팝니다','도서,티켓,문구', 10000, 0, '2022-06-12 03:27:29','/images/products/toeic_lcrc.jpg',1,'LC RC 다있어요 개별로는 5000원에 판매합니다. \n사시면 모의고사 문제지 따로 배송받았던거 끼워드려요!!','직거래', 1,0),
('kangjoji',NULL,'톰포드 로스트체리 새상품 향수 팔아요','뷰티,미용', 110000, 3, '2022-06-12 07:20:17','/images/products/tomford_lostcherry.jpg',1,'톰포드 로스트체리 50ml 미개봉 새상품입니다! \n롯데 DF 명동점에서 구매했습니다~ 쇼핑백은 없어요','직거래, 택배거래', 1,0),
('mettamong_',NULL,'칼림바 팔아요','음반,악기', 20000, 0, '2022-06-12 12:38:29','/images/products/kalimba.jpg',1,'17음계짜리입니다\n케이스 포함 풀세트입니다~','직거래, 택배거래', 1,0),
('mettamong_',NULL,'산리오, 짱구 키링 팔아요','키덜트', 5000, 0, '2022-06-12 15:24:50','/images/products/sanrio_keyring.jpg',1,'산리오랑 짱구 키링입니다.\n다 미개봉 새상품입니다!\n여러개 사시는분 우대해요','택배거래', 1,0),
('kangjoji',NULL,'조말론 블랙베리앤베이 향수 팝니다','뷰티,미용', 60000, 1, '2022-06-12 18:37:42','/images/products/jomalon.jpg',1,'향수 팔아용 아직 한번도 안썼고 사진처럼 포장들도 다 챙겨드릴 수 있습니다!','직거래, 택배거래', 1,0),
('hammki_',NULL,'아이패드에어2 wifi 64G 팔아요','디지털,가전', 150000, 0, '2022-06-13 09:35:29','/images/products/ipad_64G.jpg',1,'충전단자 근처 칠벗겨짐 빼고는 깨끗합니다.\n배터리 교환한지는 꽤 지났어요\n배터리 관리만 잘하면 모든 기능 잘 동작합니다!','직거래, 택배거래', 1,0),
('sy02lee',NULL,'닥터마틴 3홀 스무스 250 팝니다','신발', 100000, 0, '2022-06-13 12:39:20','/images/products/drmartens.jpg',1,'닥터마틴 3홀 스무스 블랙 250 사이즈 판매합니다.\n앞쪽에 주름 조금 있고 착용을 잘 안해서 아웃솔 상태도 양호합니다.','직거래, 택배거래', 1,0),
('mouse0429',NULL,'닥터마틴 나틸라 UK4 팔아요','신발', 110000, 0, '2022-06-13 15:27:38','/images/products/drmartens_nartilla.jpg',1,'닥터마틴 나틸라 UK4입니다! \n2번밖에 안신었는데 제 발이랑 잘 안맞아서 판매해요\n거의 세재품입니다!\n정가는 17만원입니다~','택배거래', 1,0),
(NULL,'mettamong_','머라이어캐리 바이닐 구해요',' 음반,악기', 40000, 0, '2022-06-13 17:14:23','/images/products/mariah_vinyl.jpg',1,'머라이어캐리 크리스마스 바이닐 구합니다!\n미개봉이면 좋고 아니어도 상관없어요!\n한정컬러 환영','직거래, 택배거래', 0,0),
(NULL,'jaejae','꼬부기 인형 구해요','키덜트', 5000, 0, '2022-06-14 09:32:41','/images/products/kkobugi.jpg',1,'꼬부기 인형 구해요!!\n가격더나가도 괜찮으니까 찔러봐주세요','직거래, 택배거래', 0,0),
('dlekdud0102',NULL,'강아지 하네스 팔아요','반려동물용품', 13000, 0, '2022-06-14 12:47:50','/images/products/pet_harness.jpg',1,'하네스 너무 많아서 처분합니다\n코리아제품입니다\n사이드 줄임 늘림 조절 가능하고, 리드줄 포함입니다!','직거래, 택배거래', 1,0),
('mouse0818',NULL,'버즈 케이스 팔아요','패션 액세서리', 25000, 1, '2022-06-14 19:45:30','/images/products/pepsi_case.jpg',1,'갤럭시 버즈 펩시 케이스 판매해요!!\n한정판 펩시 케이스 팝니다.\n버즈2, 버즈프로 호환가능, 완전 상태 S급 새 제품입니다 !!','직거래, 택배거래', 1,0),
('dlekdud0102',NULL,'강아지 빗 팔아요','반려동물용품', 27000, 0, '2022-06-15 12:34:24','/images/products/dog_comb.jpg',1,'마스알코소 제품이고 새제품입니다!\n뭉친털, 죽은털 제거, 중간모용 10B\n선물받았는데 저희강아지는 털이 안많아서 팔아요~','택배거래', 1,0),
('mouse0818',NULL,'해피밀 피규어 팔아요','키덜트', 1000, 0, '2022-06-15 15:39:29','/images/products/happymeal.jpg',1,'해피밀 피규어입니다\n끼울수도있음!!\n빈티지 피규어입니당','직거래, 택배거래', 1,0);

INSERT INTO `MSGBOX` VALUES
(0, 'jiwonK', 'mouse0429', 2, 0), #감자
(0, 'jaejae', 'mouse0429', 9, 0), #띠부씰 교환
(0, 'mettamong_', 'mouse0429', 13, 0), #칼림바
(0, 'mouse0818', 'mouse0429', 22, 0), #버즈케이스
(0, 'mouse0429', 'daviichoi', 18, 0), #닥마
(0, 'mouse0429', 'sy02lee', 1, 0), #갤럭시워치
(0, 'entp_sol', 'mouse0429', 10, 0); #티켓

INSERT INTO `MSG` VALUES
(0, 1, 'mouse0429', '감자 유기농인가요?', '2022-06-10 12:01:34'),
(0, 1, 'jiwonK', '네 유기농입니다~^^', '2022-06-10 12:20:35'),
(0, 2, 'mouse0429', '저 꼬부기 구하는데 혹시 꼬부기는 없으신가요??', '2022-06-11 12:12:11'),
(0, 2, 'jaejae', '꼬부기.. 저는 없는데 제 친구는 있어요 한번 물어봐드릴까요?', '2022-06-11 12:20:19'),
(0, 2, 'mouse0429', '네 그럼 감사하죠 !!', '2022-06-11 12:22:48'),
(0, 2, 'jaejae', '아 친구도 벌써 팔았다고 하네요..', '2022-06-11 13:21:59'),
(0, 2, 'mouse0429', 'ㅜㅜ네 물어봐주셔서 감사합니다', '2022-06-11 13:48:09'),
(0, 3, 'mouse0429', '칼림바 사고싶은데 네고 가능한가요?', '2022-06-12 12:29:30'),
(0, 3, 'mettamong_', '정가보다 많이 내린거라.. 네고안됩니다~', '2022-06-13 01:50:07'),
(0, 4, 'mouse0429', '진짜 한정판인가요??', '2022-06-12 12:47:35'),
(0, 4, 'mouse0818', '네 이제 안파는걸로 알고있습니다.', '2022-06-12 17:38:29'),
(0, 5, 'daviichoi', '닥마 네고가능?', '2022-06-12 11:38:10'),
(0, 5, 'mouse0429', '얼마까지 생각하고계신데요??', '2022-06-12 12:10:39'),
(0, 5, 'daviichoi', '5여', '2022-06-12 12:20:19'),
(0, 5, 'mouse0429', '5만원이요 ..?', '2022-06-12 12:50:37'),
(0, 5, 'daviichoi', '넹', '2022-06-12 12:56:10'),
(0, 5, 'mouse0429', '안됩니다~~~', '2022-06-12 13:28:59'),
(0, 5, 'daviichoi', '아왜여 한ㄴ번만 해주세요', '2022-06-12 15:58:03'),
(0, 5, 'mouse0429', '안돼요 쪽지 그만보내세요~', '2022-06-12 16:10:27'),
(0, 5, 'daviichoi', 'ㅜㅜ제가돈이없어서 한번만 해주시면 안될까요', '2022-06-12 17:38:30'),
(0, 5, 'daviichoi', '안되나요........', '2022-06-14 03:29:28'),
(0, 6, 'mouse0429', '저 워치 있는데 거래 가능할까요?', '2022-06-12 23:49:09'),
(0, 6, 'sy02lee', '와 네!!! 상태 어떤가요??', '2022-06-13 09:48:37'),
(0, 6, 'mouse0429', '상태 좋아요 몇번 사용안했습니다!', '2022-06-13 10:28:19'),
(0, 6, 'sy02lee', '네넵 직거래 가능한 장소로 제가 갈게요 내일 1시쯤 가능하신가요??', '2022-06-13 13:44:09'),
(0, 6, 'mouse0429', '넵 가능합니다~ 직거래 후 포인트로 송금 부탁드려요~', '2022-06-13 13:52:41'),
(0, 6, 'sy02lee', '넵 내일봬요!!', '2022-06-13 14:04:36'),
(0, 7, 'mouse0429', '티켓 구매하고싶어요! 포인트로 150000원 송금하면 될까요? 지금도 가능해요!!', '2022-06-12 11:59:43'),
(0, 7, 'entp_sol', '아 구하기 힘든자리라 원가+5만원 받아서요..', '2022-06-12 14:08:28');

INSERT INTO `REPORT` (`reporter_id`,`reported_id`,`report_date`,`report_title`,`report_type`,`report_detail`,`msgbox_id`,`product_id`,`solve_id`,`solve_date`,`solve_content`) VALUES
('mouse0429','entp_sol','2022-06-12','티켓 플미 양도 신고','쪽지 신고','글에서는 아닌척하면서 원가보다 더받아서 양도해요.. 사려고 포인트 충전까지했는데ㅜ 정지먹여주세요..',7,null,'admin1','2022-06-12','네 사용자 정지처리 완료됐습니다!');

INSERT INTO `PRODUCT_LIKE` VALUES
(0, 'mouse0429', 1),
(0, 'mouse0429', 2),
(0, 'sy02lee', 2),
(0, 'jaejae', 2),
(0, 'joshu_acoustic', 2),
(0, 'mouse0429', 12),
(0, 'hammki_', 12),
(0, 'chwenotchew', 12),
(0, 'chwenotchew', 15),
(0, 'mouse0429', 22);

INSERT INTO `POINT` VALUES
(0, '2022-06-12 13:10:47', 150000, 'mouse0429', 'mouse0429', null);